{
  "name": "Phase 1c",
  "checkpoint": "learned_phase_mask_relu.npy",
  "grid": 64,
  "results": {
    "-7": 0.11328125,
    "-6": 0.122265625,
    "-5": 0.1517578125,
    "-4": 0.21474609375,
    "-3": 0.3408203125,
    "-2": 0.54912109375,
    "-1": 0.753125,
    "0": 0.796875,
    "1": 0.7607421875,
    "2": 0.5900390625,
    "3": 0.42431640625,
    "4": 0.2658203125,
    "5": 0.1767578125,
    "6": 0.12607421875,
    "7": 0.0978515625
  }
}