{
  "name": "Phase 1b",
  "checkpoint": "learned_phase_mask_3l_64p.npy",
  "grid": 64,
  "results": {
    "-7": 0.27275390625,
    "-6": 0.4958984375,
    "-5": 0.65859375,
    "-4": 0.727734375,
    "-3": 0.7685546875,
    "-2": 0.774609375,
    "-1": 0.76171875,
    "0": 0.76279296875,
    "1": 0.76162109375,
    "2": 0.7455078125,
    "3": 0.73671875,
    "4": 0.6982421875,
    "5": 0.629296875,
    "6": 0.4513671875,
    "7": 0.25703125
  }
}