{
  "name": "Phase 2b",
  "checkpoint": "learned_phase_mask_4f_motion_64.npy",
  "grid": 64,
  "results": {
    "-7": 0.4521484375,
    "-6": 0.577734375,
    "-5": 0.656640625,
    "-4": 0.71328125,
    "-3": 0.761328125,
    "-2": 0.7884765625,
    "-1": 0.8017578125,
    "0": 0.8109375,
    "1": 0.7998046875,
    "2": 0.791796875,
    "3": 0.76884765625,
    "4": 0.70439453125,
    "5": 0.6396484375,
    "6": 0.55732421875,
    "7": 0.448046875
  }
}