{
  "name": "Phase 2a",
  "checkpoint": "learned_phase_mask_4f_64.npy",
  "grid": 64,
  "results": {
    "-7": 0.3775390625,
    "-6": 0.37294921875,
    "-5": 0.38330078125,
    "-4": 0.3974609375,
    "-3": 0.4322265625,
    "-2": 0.4546875,
    "-1": 0.4771484375,
    "0": 0.49765625,
    "1": 0.52431640625,
    "2": 0.53818359375,
    "3": 0.50322265625,
    "4": 0.4669921875,
    "5": 0.45029296875,
    "6": 0.4310546875,
    "7": 0.41875
  }
}