{
  "name": "Phase 1a",
  "checkpoint": "learned_phase_mask_1l_64p.npy",
  "grid": 64,
  "results": {
    "-7": 0.1361328125,
    "-6": 0.26337890625,
    "-5": 0.41083984375,
    "-4": 0.51279296875,
    "-3": 0.57236328125,
    "-2": 0.5900390625,
    "-1": 0.5927734375,
    "0": 0.6056640625,
    "1": 0.60751953125,
    "2": 0.6212890625,
    "3": 0.623828125,
    "4": 0.59716796875,
    "5": 0.52412109375,
    "6": 0.38408203125,
    "7": 0.22666015625
  }
}