{
  "name": "Phase 2c",
  "checkpoint": "results/odcnn_hybrid.pt",
  "grid": 200,
  "results": {
    "-7": 0.85,
    "-6": 0.8861328125,
    "-5": 0.8962890625,
    "-4": 0.89111328125,
    "-3": 0.88359375,
    "-2": 0.87529296875,
    "-1": 0.87470703125,
    "0": 0.85029296875,
    "1": 0.8580078125,
    "2": 0.852734375,
    "3": 0.85087890625,
    "4": 0.85390625,
    "5": 0.86181640625,
    "6": 0.8607421875,
    "7": 0.83525390625
  }
}